Datum,Beschreibung,Karteninhaber,Konto #,Betrag
03/08/2026,ADOBE SYSTEMS SOFTWARE IE DUBLIN,JULIA BEISPIEL,1006,"23,79"
05/08/2026,GOOGLE WORKSPACE GOOGLE.COM,JULIA BEISPIEL,1006,"6,80"
10/08/2026,LUFTHANSA 220 FRANKFURT,JULIA BEISPIEL,1006,"412,50"
15/08/2026,JAHRESGEBUEHR AMERICAN EXPRESS,JULIA BEISPIEL,1006,"55,00"
18/08/2026,ZAHLUNG - BESTEN DANK,JULIA BEISPIEL,1006,"-1850,00"
20/08/2026,REWE SAGT DANKE MUENCHEN,JULIA BEISPIEL,1006,"64,23"
22/08/2026,DB VERTRIEB GMBH FRANKFURT,JULIA BEISPIEL,1006,"89,90"
25/08/2026,GUTSCHRIFT RUECKERSTATTUNG BESTELLUNG,JULIA BEISPIEL,1006,"-45,00"
28/08/2026,MICROSOFT*OFFICE 365 MUENCHEN,JULIA BEISPIEL,1006,"8,25"
