Umsaetze Girokonto;;;;
Zeitraum: 01.08.2026 - 31.08.2026;;;;
Neuer Kontostand: 8.775,68 EUR;;;;
Buchungstag;Wertstellung (Valuta);Vorgang;Buchungstext;Umsatz in EUR
03.08.2026;03.08.2026;Kartenzahlung;Buchungstext: Adobe Creative Cloud Abo 08/2026 Rechnung ADB-2026-88213 Karte Nr. 4532********1234;-23,79
05.08.2026;05.08.2026;Ueberweisung;Auftraggeber: Nordwind Handels GmbH Buchungstext: Rechnung RE-2026-0042 Webdesign Relaunch Projekt Phase 2;3570,00
10.08.2026;10.08.2026;Ueberweisung;Empfaenger: Finanzamt Muenchen Buchungstext: Einkommensteuervorauszahlung IV/2026 St-Nr 143/815/09211;-1850,00
12.08.2026;12.08.2026;Ueberweisung;Empfaenger: Julia Beispiel Buchungstext: Ruecklage Steuern Q3 2026;-2000,00
15.08.2026;15.08.2026;Entgelt;Buchungstext: Kontofuehrungsgebuehr 3. Quartal 2026;-11,90
18.08.2026;18.08.2026;Gutschrift;Auftraggeber: PayPal Europe S.a.r.l. et Cie SCA Buchungstext: PP.9821.PP Auszahlung Guthaben;312,40
20.08.2026;21.08.2026;Kartenzahlung;Buchungstext: REWE SAGT DANKE Karte Nr. 4532********1234;-64,23
22.08.2026;22.08.2026;Kartenzahlung;Buchungstext: Google Workspace Business Starter 08/2026 Karte Nr. 4532********1234;-6,80
27.08.2026;27.08.2026;Ueberweisung;Auftraggeber: Nordwind Handels GmbH Buchungstext: Anzahlung Rechnung RE-2026-0051 Logo Design;850,00
