"Girokonto";"DE00120300009876543210"
""
"Kontostand vom 31.08.2026:";"8.775,68 €"
""
"Buchungsdatum";"Wertstellung";"Status";"Zahlungspflichtige*r";"Zahlungsempfänger*in";"Verwendungszweck";"Umsatztyp";"IBAN";"Betrag (€)";"Gläubiger-ID";"Mandatsreferenz";"Kundenreferenz"
"03.08.26";"03.08.26";"Gebucht";"Julia Beispiel";"Adobe Systems Software Ireland Limited";"Adobe Creative Cloud Abo 08/2026 Rechnung ADB-2026-88213";"Ausgang";"IE00TEST12345612345678";"-23,79";"IE59ZZZ333000";"MREF-ADOBE-0099821";"E2E-ADOBE-20260803-01"
"04.08.26";"04.08.26";"Gebucht";"Nordwind Handels GmbH";"Julia Beispiel";"Rechnung RE-2026-0042 Webdesign Relaunch Projekt Phase 2";"Eingang";"DE00300000001234567890";"3570,00";"";"";""
"10.08.26";"10.08.26";"Gebucht";"Julia Beispiel";"Finanzamt Muenchen";"Einkommensteuervorauszahlung IV/2026 St-Nr 143/815/09211";"Ausgang";"DE00700500000070001054";"-1850,00";"";"";""
"12.08.26";"12.08.26";"Gebucht";"Julia Beispiel";"Julia Beispiel";"Ruecklage Steuern Q3 2026";"Ausgang";"DE00500105170009876543";"-2000";"";"";""
"15.08.26";"15.08.26";"Gebucht";"Julia Beispiel";"Deutsche Kreditbank AG";"Kontofuehrungsgebuehr 3. Quartal 2026";"Ausgang";"";"-11,9";"";"";""
"18.08.26";"18.08.26";"Gebucht";"PayPal Europe S.a.r.l. et Cie SCA";"Julia Beispiel";"PP.9821.PP Auszahlung Guthaben";"Eingang";"LU00TEST012345678901";"312,4";"";"";""
"20.08.26";"21.08.26";"Gebucht";"Julia Beispiel";"REWE SAGT DANKE";"";"Ausgang";"";"-64,23";"";"";""
"22.08.26";"22.08.26";"Gebucht";"Julia Beispiel";"Google Ireland Limited";"Google Workspace Business Starter 08/2026";"Ausgang";"IE00TEST98765432109876";"-6,8";"";"";""
"27.08.26";"27.08.26";"Gebucht";"Nordwind Handels GmbH";"Julia Beispiel";"Anzahlung Rechnung RE-2026-0051 Logo Design";"Eingang";"DE00300000001234567890";"850,00";"";"";""
