Umsatzanzeige;Datei erstellt am: 31.08.2026 18:45

IBAN;DE00170199991234567890
Kontoname;Girokonto
Bank;ING
Kunde;Julia Beispiel
Zeitraum;01.08.2026 - 31.08.2026
Saldo;8.775,68;EUR

Sortierung;Datum absteigend

In der CSV-Datei finden Sie alle bereits gebuchten Umsätze. Die vorgemerkten Umsätze werden nicht aufgenommen, auch wenn sie in Ihrem Internetbanking angezeigt werden.

Buchung;Wertstellungsdatum;Auftraggeber/Empfänger;Buchungstext;Verwendungszweck;Betrag;Währung
03.08.2026;03.08.2026;Adobe Systems Software Ireland Limited;Lastschrift;Adobe Creative Cloud Abo 08/2026 Rechnung ADB-2026-88213;-23,79;EUR
05.08.2026;05.08.2026;Nordwind Handels GmbH;Gutschrift;Rechnung RE-2026-0042 Webdesign Relaunch Projekt Phase 2;3.570,00;EUR
10.08.2026;10.08.2026;Finanzamt Muenchen;Überweisung;Einkommensteuervorauszahlung IV/2026 St-Nr 143/815/09211;-1.850,00;EUR
12.08.2026;12.08.2026;Julia Beispiel;Dauerauftrag / Terminueberweisung;Ruecklage Steuern Q3 2026;-2.000,00;EUR
15.08.2026;15.08.2026;ING;Entgelt;Kontofuehrungsgebuehr 3. Quartal 2026;-4,90;EUR
18.08.2026;18.08.2026;PayPal Europe S.a.r.l. et Cie SCA;Gutschrift;PP.9821.PP Auszahlung Guthaben;312,40;EUR
20.08.2026;21.08.2026;REWE SAGT DANKE;Lastschrift;;-64,23;EUR
22.08.2026;22.08.2026;Google Ireland Limited;Lastschrift;Google Workspace Business Starter 08/2026;-6,80;EUR
27.08.2026;27.08.2026;Nordwind Handels GmbH;Gutschrift;Anzahlung Rechnung RE-2026-0051 Logo Design;850,00;EUR
