Datum,"Uhrzeit","Zeitzone","Name","Typ","Status","Währung","Brutto","Gebühr","Netto","Absender E-Mail-Adresse","Empfänger E-Mail-Adresse","Transaktionscode","Lieferadresse","Adress-Status","Artikelbezeichnung","Artikelnummer","Versand- und Bearbeitungsgebühr","Versicherungsbetrag","Umsatzsteuer","Option 1 Name","Option 1 Wert","Option 2 Name","Option 2 Wert","Zugehöriger Transaktionscode","Rechnungsnummer","Zollnummer","Anzahl","Empfangsnummer","Guthaben","Adresszeile 1","Adresszusatz","Ort","Bundesland","PLZ","Land","Telefon","Betreff","Hinweis","Ländervorwahl","Auswirkung auf Guthaben"
03.08.2026,"09:12:04","MESZ","Adobe Systems Software Ireland Limited","Abo-Zahlung","Abgeschlossen","EUR","-23,79","0,00","-23,79","julia.beispiel@beispiel-design.test","billing@adobe.test","1TA23456AB789012C","","","","","","","","","","","","","ADB-2026-88213","","","","","","","","","","DE","","","","","Debit"
05.08.2026,"14:33:21","MESZ","Nordwind Handels GmbH","Zahlung für Waren/Dienstleistung","Abgeschlossen","EUR","3570,00","-58,55","3511,45","buchhaltung@nordwind-handel.test","julia.beispiel@beispiel-design.test","2TB34567BC890123D","","","","","","","","","","","","","RE-2026-0042","","","","","","","","","","DE","","","","","Credit"
07.08.2026,"08:02:11","MESZ","Julia Beispiel","Allgemeine Auszahlung","Abgeschlossen","EUR","-3400,00","0,00","-3400,00","julia.beispiel@beispiel-design.test","","3TC45678CD901234E","","","","","","","","","","","","","","","","","","","","","","","DE","","","Auszahlung an Bankkonto DE00500105170001234567","","Debit"
22.08.2026,"11:47:59","MESZ","Google Ireland Limited","Abo-Zahlung","Abgeschlossen","EUR","-6,80","0,00","-6,80","julia.beispiel@beispiel-design.test","payments@google.test","4TD56789DE012345F","","","","","","","","","","","","","GWS-2026-08","","","","","","","","","","DE","","","","","Debit"
27.08.2026,"16:20:37","MESZ","Nordwind Handels GmbH","Zahlung für Waren/Dienstleistung","Abgeschlossen","EUR","850,00","-15,15","834,85","buchhaltung@nordwind-handel.test","julia.beispiel@beispiel-design.test","5TE67890EF123456G","","","","","","","","","","","","","RE-2026-0051","","","","","","","","","","DE","","","","","Credit"
28.08.2026,"10:05:14","MESZ","Anna Kundendienst","Rückerstattung","Abgeschlossen","EUR","-120,00","12,50","-107,50","julia.beispiel@beispiel-design.test","anna.kundendienst@example.test","6TF78901FG234567H","","","","","","","","","","","","2TB34567BC890123D","","","","","","","","","","","DE","","","","","Debit"
29.08.2026,"09:30:02","MESZ","Julia Beispiel","Waehrungsumrechnung","Abgeschlossen","EUR","0,00","-2,10","-2,10","julia.beispiel@beispiel-design.test","","7TG89012GH345678I","","","","","","","","","","","","","","","","","","","","","","","DE","","","Waehrungsumrechnungsgebuehr","","Debit"
30.08.2026,"13:44:48","MESZ","Nordwind Handels GmbH","Rueckbelastung","Abgeschlossen","EUR","-850,00","-18,00","-868,00","buchhaltung@nordwind-handel.test","julia.beispiel@beispiel-design.test","8TH90123HI456789J","","","","","","","","","","","","5TE67890EF123456G","","","","","","","","","","","DE","","","","","Debit"
31.08.2026,"19:15:30","MESZ","Sponsor Michael Foerderer","Spende","Abgeschlossen","EUR","25,00","-1,05","23,95","michael.foerderer@example.test","julia.beispiel@beispiel-design.test","9TI01234IJ567890K","","","","","","","","","","","","","","","","","","","","","","","DE","","","","","Credit"
