Type,Product,Started Date,Completed Date,Description,Amount,Fee,Currency,State,Balance
Deposit,Current,2026-08-01 08:07:42,2026-08-01 08:07:43,Payment from MAX MUSTER,2500.00,0.00,EUR,COMPLETED,2620.59
Card Refund,Current,2026-07-30 11:21:31,2026-08-01 13:54:14,Sp Klimakonig Shop,50.00,0.00,EUR,COMPLETED,2670.59
Card Payment,Current,2026-08-02 10:11:12,2026-08-03 06:00:00,Amazon,-39.99,0.00,EUR,COMPLETED,2630.60
Transfer,Current,2026-08-05 09:00:00,2026-08-05 09:00:01,Rechnung RE-2026-0042 Webdesign Relaunch,3570.00,0.00,EUR,COMPLETED,6200.60
Card Payment,Current,2026-08-08 14:22:05,2026-08-09 07:30:00,Adobe Systems,-23.79,0.00,EUR,REVERTED,6200.60
Exchange,Current,2026-08-12 11:00:00,2026-08-12 11:00:00,Exchanged to USD,-500.00,4.25,EUR,COMPLETED,5696.35
Fee,Current,2026-08-15 00:00:00,2026-08-15 00:00:00,Monthly plan fee,-7.99,0.00,EUR,COMPLETED,5688.36
Topup,Current,2026-08-18 08:00:00,2026-08-18 08:00:00,Payment from Julia Beispiel,312.40,0.00,EUR,PENDING,5688.36
Transfer,Current,2026-08-20 09:15:00,2026-08-20 09:15:02,Finanzamt Muenchen UStVA 07/2026 St-Nr 143/815/09211,-980.00,0.00,EUR,COMPLETED,4708.36
