"Auftragskonto";"Buchungstag";"Valutadatum";"Buchungstext";"Verwendungszweck";"Beguenstigter/Zahlungspflichtiger";"Kontonummer";"BLZ";"Betrag";"Waehrung";"Info"
"DE00500105170001234567";"03.08.26";"03.08.26";"FOLGELASTSCHRIFT";"EREF+ADB-2026-88213-MREF+MREF-ADOBE-0099821-CRED+IE59ZZZ333000-SVWZ+Adobe Creative Cloud Abo 08/2026";"Adobe Systems Software Ireland Limited";"12345678";"90050000";"-23,79";"EUR";""
"DE00500105170001234567";"05.08.26";"05.08.26";"GUTSCHRIFT";"EREF+RE-2026-0042-SVWZ+Rechnung RE-2026-0042 Webdesign Relaunch Projekt Phase 2";"Nordwind Handels GmbH";"123456789";"30020900";"3570,00";"EUR";""
"DE00500105170001234567";"10.08.26";"10.08.26";"UEBERWEISUNG";"SVWZ+Einkommensteuervorauszahlung IV/2026 St-Nr 143/815/09211";"Finanzamt Muenchen";"70001054";"70050000";"-1850,00";"EUR";""
"DE00500105170001234567";"12.08.26";"12.08.26";"UEBERWEISUNG";"SVWZ+Ruecklage Steuern Q3 2026";"Julia Beispiel";"9876543";"50010517";"-2000,00";"EUR";""
"DE00500105170001234567";"15.08.26";"15.08.26";"ENTGELTABSCHLUSS";"Kontofuehrungsgebuehr 3. Quartal 2026";"";"";"";"-11,90";"EUR";""
"DE00500105170001234567";"18.08.26";"18.08.26";"GUTSCHRIFT";"SVWZ+PP.9821.PP Auszahlung Guthaben";"PayPal Europe S.a.r.l. et Cie SCA";"0123456789012345";"TESTLULL";"312,40";"EUR";""
"DE00500105170001234567";"20.08.26";"21.08.26";"KARTENZAHLUNG";"SVWZ+REWE SAGT DANKE//Musterstadt/DE";"REWE SAGT DANKE";"";"";"-64,23";"EUR";""
"DE00500105170001234567";"22.08.26";"22.08.26";"FOLGELASTSCHRIFT";"EREF+GWS-2026-08-CRED+IE97ZZZ444000-SVWZ+Google Workspace Business Starter 08/2026";"Google Ireland Limited";"98765432";"90050000";"-6,80";"EUR";""
"DE00500105170001234567";"27.08.26";"27.08.26";"GUTSCHRIFT";"EREF+RE-2026-0051-SVWZ+Anzahlung Rechnung RE-2026-0051 Logo Design";"Nordwind Handels GmbH";"123456789";"30020900";"850,00";"EUR";""
