"Auftragskonto";"Buchungstag";"Valutadatum";"Buchungstext";"Verwendungszweck";"Glaeubiger ID";"Mandatsreferenz";"Kundenreferenz (End-to-End)";"Sammlerreferenz";"Lastschrift Ursprungsbetrag";"Auslagenersatz Ruecklastschrift";"Beguenstigter/Zahlungspflichtiger";"Kontonummer/IBAN";"BIC (SWIFT-Code)";"Betrag";"Waehrung";"Info"
"DE00500105170001234567";"03.08.26";"03.08.26";"FOLGELASTSCHRIFT";"Adobe Creative Cloud Abo 08/2026 Rechnung ADB-2026-88213";"IE59ZZZ333000";"MREF-ADOBE-0099821";"E2E-ADOBE-20260803-01";"";"";"";"Adobe Systems Software Ireland Limited";"IE00TEST12345612345678";"TESTIE2DXXX";"-23,79";"EUR";""
"DE00500105170001234567";"05.08.26";"05.08.26";"GUTSCHRIFT";"Rechnung RE-2026-0042 Webdesign Relaunch Projekt Phase 2";"";"";"";"";"";"";"Nordwind Handels GmbH";"DE00300000001234567890";"TESTDEFFXXX";"3570,00";"EUR";""
"DE00500105170001234567";"10.08.26";"10.08.26";"UEBERWEISUNG";"Einkommensteuervorauszahlung IV/2026 St-Nr 143/815/09211";"";"";"";"";"";"";"Finanzamt Muenchen";"DE00700500000070001054";"TESTDEFFXXX";"-1850,00";"EUR";""
"DE00500105170001234567";"12.08.26";"12.08.26";"UEBERWEISUNG";"Ruecklage Steuern Q3 2026";"";"";"";"";"";"";"Julia Beispiel";"DE00500105170009876543";"TESTDEFFXXX";"-2000,00";"EUR";""
"DE00500105170001234567";"15.08.26";"15.08.26";"ENTGELTABSCHLUSS";"Kontofuehrungsgebuehr 3. Quartal 2026";"";"";"";"";"";"";"";"";"";"-11,90";"EUR";""
"DE00500105170001234567";"18.08.26";"18.08.26";"GUTSCHRIFT";"PP.9821.PP Auszahlung Guthaben";"";"";"";"";"";"";"PayPal Europe S.a.r.l. et Cie SCA";"LU00TEST012345678901";"TESTLULLXXX";"312,40";"EUR";""
"DE00500105170001234567";"20.08.26";"21.08.26";"KARTENZAHLUNG";"";"";"";"";"";"";"";"REWE SAGT DANKE";"";"";"-64,23";"EUR";""
"DE00500105170001234567";"22.08.26";"22.08.26";"FOLGELASTSCHRIFT";"Google Workspace Business Starter 08/2026";"";"";"";"";"";"";"Google Ireland Limited";"IE00TEST98765432109876";"TESTIE2DXXX";"-6,80";"EUR";""
"DE00500105170001234567";"27.08.26";"27.08.26";"GUTSCHRIFT";"Anzahlung Rechnung RE-2026-0051 Logo Design";"";"";"";"";"";"";"Nordwind Handels GmbH";"DE00300000001234567890";"TESTDEFFXXX";"850,00";"EUR";""
