Bezeichnung Auftragskonto;IBAN Auftragskonto;BIC Auftragskonto;Bankname Auftragskonto;Buchungstag;Valutadatum;Name Zahlungsbeteiligter;IBAN Zahlungsbeteiligter;BIC (SWIFT-Code) Zahlungsbeteiligter;Buchungstext;Verwendungszweck;Betrag;Waehrung;Saldo nach Buchung;Bemerkung;Gekennzeichneter Umsatz;Glaeubiger ID;Mandatsreferenz
Girokonto;DE00680900000012345678;TESTDE61XXX;Volksbank Testregion eG;03.08.2026;03.08.2026;Adobe Systems Software Ireland Limited;IE00TEST12345612345678;TESTIE2DXXX;Basislastschrift;Adobe Creative Cloud Abo 08/2026 Rechnung ADB-2026-88213 EREF: ADB-2026-88213 MREF: MREF-ADOBE-0099821 CRED: IE59ZZZ333000;-23,79;EUR;7976,21;;;IE59ZZZ333000;MREF-ADOBE-0099821
Girokonto;DE00680900000012345678;TESTDE61XXX;Volksbank Testregion eG;05.08.2026;05.08.2026;Nordwind Handels GmbH;DE00300000001234567890;TESTDEFFXXX;Gutschrift;Rechnung RE-2026-0042 Webdesign Relaunch Projekt Phase 2;3570,00;EUR;11546,21;;;;
Girokonto;DE00680900000012345678;TESTDE61XXX;Volksbank Testregion eG;10.08.2026;10.08.2026;Finanzamt Muenchen;DE00700500000070001054;TESTDEFFXXX;Ueberweisung;Einkommensteuervorauszahlung IV/2026 St-Nr 143/815/09211;-1850,00;EUR;9696,21;;;;
Girokonto;DE00680900000012345678;TESTDE61XXX;Volksbank Testregion eG;12.08.2026;12.08.2026;Julia Beispiel;DE00500105170009876543;TESTDEFFXXX;Ueberweisung;Ruecklage Steuern Q3 2026;-2000,00;EUR;7696,21;;;;
Girokonto;DE00680900000012345678;TESTDE61XXX;Volksbank Testregion eG;15.08.2026;15.08.2026;;;;Entgelt;Kontofuehrungsgebuehr 3. Quartal 2026;-11,90;EUR;7684,31;;;;
Girokonto;DE00680900000012345678;TESTDE61XXX;Volksbank Testregion eG;18.08.2026;18.08.2026;PayPal Europe S.a.r.l. et Cie SCA;LU00TEST012345678901;TESTLULLXXX;Gutschrift;PP.9821.PP Auszahlung Guthaben;312,40;EUR;7996,71;;;;
Girokonto;DE00680900000012345678;TESTDE61XXX;Volksbank Testregion eG;20.08.2026;21.08.2026;REWE SAGT DANKE;;;Kartenzahlung;;-64,23;EUR;7932,48;;;;
Girokonto;DE00680900000012345678;TESTDE61XXX;Volksbank Testregion eG;22.08.2026;22.08.2026;Google Ireland Limited;IE00TEST98765432109876;TESTIE2DXXX;Basislastschrift;Google Workspace Business Starter 08/2026;-6,80;EUR;7925,68;;;;
Girokonto;DE00680900000012345678;TESTDE61XXX;Volksbank Testregion eG;27.08.2026;27.08.2026;Nordwind Handels GmbH;DE00300000001234567890;TESTDEFFXXX;Gutschrift;Anzahlung Rechnung RE-2026-0051 Logo Design;850,00;EUR;8775,68;;;;
